rate,Group,Baseline,Follow_up
1.3955683724872143,Control,0,1
1.1282431895470182,Control,1,2
0.3693495430008673,Control,2,3
0.2784581520090276,Control,3,4
3.759360533081713,Fertiliser 1,0,1
2.210381333697457,Fertiliser 1,1,2
1.681037996975357,Fertiliser 1,2,3
0.9864515282856448,Fertiliser 1,3,4
5.226791735183381,Fertiliser 2,0,1
3.9617080482960776,Fertiliser 2,1,2
2.677382897520436,Fertiliser 2,2,3
1.5775088477466443,Fertiliser 2,3,4
